{
    "!name": "cordova-plugin-bluetooth-serial",
    "!define": {
        "!modules": {
            "bluetoothSerial": {
                "connect": "fn(macAddress: ?, success: ?, failure: ?)",
                "connectInsecure": "fn(macAddress: ?, success: ?, failure: ?)",
                "disconnect": "fn(success: ?, failure: ?)",
                "list": "fn(success: ?, failure: ?)",
                "isEnabled": "fn(success: ?, failure: ?)",
                "isConnected": "fn(success: ?, failure: ?)",
                "available": "fn(success: ?, failure: ?)",
                "read": "fn(success: ?, failure: ?)",
                "readUntil": "fn(delimiter: ?, success: ?, failure: ?)",
                "write": "fn(data: ?, success: ?, failure: ?)",
                "subscribe": "fn(delimiter: ?, success: ?, failure: ?)",
                "unsubscribe": "fn(success: ?, failure: ?)",
                "subscribeRawData": "fn(success: ?, failure: ?)",
                "unsubscribeRawData": "fn(success: ?, failure: ?)",
                "clear": "fn(success: ?, failure: ?)",
                "readRSSI": "fn(success: ?, failure: ?)",
                "showBluetoothSettings": "fn(success: ?, failure: ?)",
                "enable": "fn(success: ?, failure: ?)",
                "discoverUnpaired": "fn(success: ?, failure: ?)",
                "setDeviceDiscoveredListener": "fn(notify: ?)",
                "clearDeviceDiscoveredListener": "fn()",
                "setName": "fn(newName: ?)",
                "setDiscoverable": "fn(discoverableDuration: ?)"
            },
            "BluetoothSerial_browser": {
                "connect": "fn(mac: ?, success_cb: ?, fail_cb: ?)",
                "register": "fn(data_cb: ?)",
                "disconnect": "fn(success_cb: ?, fail_cb: ?)",
                "write": "fn(data: ?, success_cb: ?, fail_cb: ?)",
                "available": "fn(success_cb: ?, fail_cb: ?)",
                "read": "fn(success_cb: ?, fail_cb: ?)",
                "readUntil": "fn(delimiter: ?, success_cb: ?, fail_cb: ?)",
                "subscribe": "fn(delimiter: ?, success_cb: ?, fail_cb: ?)",
                "unsubscribe": "fn(success_cb: ?, fail_cb: ?)",
                "subscribeRawData": "fn(success_cb: ?, fail_cb: ?)",
                "unsubscribeRawData": "fn(success_cb: ?, fail_cb: ?)",
                "clear": "fn(success_cb: ?, fail_cb: ?)",
                "list": "fn(success_cb: ?, fail_cb: ?)",
                "isConnected": "fn(success_cb: ?, fail_cb: ?)",
                "isEnabled": "fn(success_cb: ?, fail_cb: ?)",
                "readRSSI": "fn(success_cb: ?, fail_cb: ?)",
                "showBluetoothSettings": "fn(success_cb: ?, fail_cb: ?)",
                "enable": "fn(success_cb: ?, fail_cb: ?)",
                "discoverUnpaired": "fn(success_cb: ?, fail_cb: ?)"
            }
        },
        "!modules.BluetoothSerial_browser.subscribe.!1": "fn(value: string)"
    },
    "!plugin-version": "0.4.5",
    "successWrapper": "fn(data: ?)",
    "enable": "bool",
    "window": {
        "bluetoothSerial": "!modules.bluetoothSerial"
    }
}