<?xml version='1.0' encoding='UTF-8'?>
<widget xmlns="http://www.w3.org/ns/widgets" xmlns:intelxdk="http://xdk.intel.com/ns/v1" id="xdk.intel.blank.ad.template" version="0.0.1">
<!--This file is generated by the Intel XDK. Do not edit this file as your edits will be lost.           -->
<!--To change the contents of this file, see the documentation on the intelxdk.config.additions.xml file.-->
<intelxdk:version value="1.0"/>
<intelxdk:cordova-cli version="5.4.1"/>
<name>WasteSamaritan</name>
<description>Template to develop a Cordova mobile web app using the App Designer UI editor.</description>
<author>Intel XDK</author>
<content src="index.html"/>
<access origin="*"/>
<allow-intent href="http://*/*"/>
<allow-intent href="https://*/*"/>
<allow-intent href="tel:*"/>
<allow-intent href="sms:*"/>
<allow-intent href="mailto:*"/>
<allow-intent href="geo:*"/>
<allow-intent href="itms:*"/>
<allow-intent href="itms-apps:*"/>
<intelxdk:plugin intelxdk:name="StatusBar" intelxdk:value="cordova-plugin-statusbar" intelxdk:version="2.1.0" intelxdk:checksum="858cc583" intelxdk:type="file"/>
<intelxdk:plugin intelxdk:name="Device" intelxdk:value="cordova-plugin-device" intelxdk:version="1.1.1" intelxdk:checksum="927290ca" intelxdk:type="file"/>
<intelxdk:plugin intelxdk:name="Splashscreen" intelxdk:value="cordova-plugin-splashscreen" intelxdk:version="3.2.0" intelxdk:checksum="452a4659" intelxdk:type="file"/>
<intelxdk:plugin intelxdk:name="BarcodeScanner" intelxdk:value="phonegap-plugin-barcodescanner" intelxdk:version="4.1.0" intelxdk:checksum="980170d7" intelxdk:type="file"/>
<intelxdk:plugin intelxdk:name="Camera" intelxdk:value="cordova-plugin-camera" intelxdk:version="2.1.0" intelxdk:checksum="b5eb9803" intelxdk:type="file"/>
<intelxdk:plugin intelxdk:name="Bluetooth Serial" intelxdk:value="cordova-plugin-bluetooth-serial" intelxdk:version="0.4.5" intelxdk:checksum="247a58cb" intelxdk:type="file"/>
<intelxdk:plugin intelxdk:name="Geolocation" intelxdk:value="cordova-plugin-geolocation" intelxdk:version="2.1.0" intelxdk:checksum="aa7be91c" intelxdk:type="file"/>
<preference name="ios-configuration" value="adhoc"/>
<preference name="deployment-target" value="8.0"/>
<!--creationInfo:{"src":"jsapp/template-blank-cordova-ad-project/sample.zip","projectTypeName":"com.intel.xdk.projecttype.jsapp"}-->
<preference name="debuggable" value="false"/>
<platform name="ios">
    <!-- below requires the splash screen plugin -->
    <!-- docs: https://github.com/apache/cordova-plugin-splashscreen -->
    <preference name="AutoHideSplashScreen" value="false"/>
    <preference name="FadeSplashScreen" value="false"/>
    <preference name="FadeSplashScreenDuration" value="2"/>
    <preference name="ShowSplashScreenSpinner" value="false"/>

    <!-- below requires the status bar plugin -->
    <!-- docs: https://github.com/apache/cordova-plugin-statusbar -->
    <!-- see http://devgirl.org/2014/07/31/phonegap-developers-guid -->
    <preference name="StatusBarOverlaysWebView" value="false"/>
    <preference name="StatusBarBackgroundColor" value="#000000"/>
    <preference name="StatusBarStyle" value="lightcontent"/>
</platform>
<platform name="android">
    <!-- below requires the splash screen plugin -->
    <!-- docs: https://github.com/apache/cordova-plugin-splashscreen -->
    <preference name="SplashMaintainAspectRatio" value="false"/>
</platform>
<intelxdk:crosswalk xmlns:intelxdk="http://xdk.intel.com/ns/v1" xwalk-command-line="--disable-pull-to-refresh-effect"/>
<intelxdk:crosswalk xmlns:intelxdk="http://xdk.intel.com/ns/v1" xwalk-command-line="--ignore-gpu-blacklist"/></widget>